seq_no,mtch_date,versus,venue,dismissal_mode,runs,balls
1,18-12-1989,Pakistan,Jinnah Stadium (Gujwranwala),c Wasim Akram b Waqar Younis,0,2
2,01-03-1990,New Zealand,Carisbrook,c & b S A Thomson,0,2
3,06-03-1990,New Zealand,Basin Reserve,c I D S Smith b S A Thomson,36,39
4,25-04-1990,Sri Lanka,Sharjah Cricket Stadium,run out,10,12
5,27-04-1990,Pakistan,Sharjah Cricket Stadium,c Saeed Anwar b Imran Khan,20,25
6,18-07-1990,England,Headingley,b D E Malcolm,19,35
7,20-07-1990,England,Trent Bridge,b A R C Fraser,31,26
8,01-12-1990,Sri Lanka,Vidarbha Cricket Association Ground,b R J Ratnayake,36,22
9,05-12-1990,Sri Lanka,Nehru Stadium (Pune),b G F Labrooy,53,41
10,08-12-1990,Sri Lanka,Nehru Stadium (Margao),c & b S D Anurasiri,30,29
11,25-12-1990,Bangladesh,Sector 16 Stadium,did not bat,,
12,28-12-1990,Sri Lanka,Barabati Stadium,lbw b A Ranatunga,4,11
13,04-01-1991,Sri Lanka,Eden Gardens,lbw b R J Ratnayake,53,70
14,18-10-1991,Pakistan,Sharjah Cricket Stadium,not out,52,40
15,19-10-1991,West Indies,Sharjah Cricket Stadium,run out,22,27
16,22-10-1991,West Indies,Sharjah Cricket Stadium,not out,11,27
17,23-10-1991,Pakistan,Sharjah Cricket Stadium,c sub b Saleem Malik,49,38
18,25-10-1991,Pakistan,Sharjah Cricket Stadium,lbw b Aaqib Javed,0,1
19,10-11-1991,South Africa,Eden Gardens,c R P Snell b A A Donald,62,73
20,12-11-1991,South Africa,Captain Roop Singh Stadium,c D J Richardson b C R Matthews,4,8
21,14-11-1991,South Africa,Jawaharlal Nehru Stadium (Delhi),c S J Cook b A A Donald,1,3
22,06-12-1991,West Indies,WACA Ground,c R B Richardson b A C Cummins,1,9
23,08-12-1991,Australia,WACA Ground,c P L Taylor b T M Moody,36,65
24,10-12-1991,Australia,Bellerive Oval,c S R Waugh b P L Taylor,57,107
25,14-12-1991,West Indies,Adelaide Oval,c & b K L T Arthurton,48,57
26,15-12-1991,Australia,Adelaide Oval,c D M Jones b S R Waugh,21,35
27,11-01-1992,West Indies,Brisbane Cricket Ground,c sub b A C Cummins,77,127
28,14-01-1992,Australia,Sydney Cricket Ground,run out,31,44
29,16-01-1992,West Indies,Melbourne Cricket Ground,not out,57,88
30,18-01-1992,Australia,Melbourne Cricket Ground,c M R Whitney b T M Moody,4,10
31,20-01-1992,Australia,Sydney Cricket Ground,c M R Whitney b S R Waugh,69,100
32,22-02-1992,England,WACA Ground,c A J Stewart b I T Botham,35,44
33,28-02-1992,Sri Lanka,Harrup Park,did not bat,,
34,01-03-1992,Australia,Brisbane Cricket Ground,c S R Waugh b T M Moody,11,19
35,04-03-1992,Pakistan,Sydney Cricket Ground,not out,54,62
36,07-03-1992,Zimbabwe,Seddon Park,c A D R Campbell b M G Burmester,81,77
37,10-03-1992,West Indies,Basin Reserve,c D Williams b C E L Ambrose,4,11
38,12-03-1992,New Zealand,Carisbrook,c I D S Smith b C Z Harris,84,107
39,15-03-1992,South Africa,Adelaide Oval,c K C Wessels b A P Kuiper,14,14
40,25-10-1992,Zimbabwe,Harare Sports Club,c D H Brain b G J Crocker,39,56
41,07-12-1992,South Africa,Newlands,b B M McMillan,15,27
42,09-12-1992,South Africa,St George's Park,c D J Richardson b D J Callaghan,10,36
43,11-12-1992,South Africa,SuperSport Park,c D J Richardson b C R Matthews,22,24
44,13-12-1992,South Africa,New Wanderers Stadium,c B M McMillan b A A Donald,21,44
45,15-12-1992,South Africa,Mangaung Oval,b P S De Villiers,32,52
46,17-12-1992,South Africa,Kingsmead,c W J Cronje b M W Pringle,23,39
47,19-12-1992,South Africa,Buffalo Park,c D J Richardson b C R Matthews,21,38
48,18-01-1993,England,Sawai Mansingh Stadium,not out,82,81
49,21-01-1993,England,Sector 16 Stadium,lbw b P A J De Freitas,1,5
50,26-02-1993,England,M Chinnaswamy Stadium,c G A Hick b C C Lewis,3,6
51,01-03-1993,England,Keenan Stadium,b P W Jarvis,24,32
52,04-03-1993,England,Captain Roop Singh Stadium,b P W Jarvis,5,6
53,05-03-1993,England,Captain Roop Singh Stadium,c sub b C C Lewis,34,30
54,19-03-1993,Zimbabwe,Nahar Singh Stadium,c & b G W Flower,3,9
55,22-03-1993,Zimbabwe,Nehru Stadium (Guwahati),not out,8,6
56,25-03-1993,Zimbabwe,Nehru Stadium (Pune),did not bat,,
57,25-07-1993,Sri Lanka,R Premadasa Stadium,c A P Gurusinha b S T Jayasuriya,21,39
58,12-08-1993,Sri Lanka,R Premadasa Stadium,run out,15,30
59,14-08-1993,Sri Lanka,Tyronne Fernando Stadium,c M Muralitharan b S T Jayasuriya,25,39
60,07-11-1993,Sri Lanka,Green Park,not out,26,30
61,16-11-1993,West Indies,Sardar Patel Stadium,lbw b C A Walsh,2,8
62,18-11-1993,Zimbabwe,Nehru Stadium (Indore),c & b H H Streak,24,16
63,22-11-1993,South Africa,Punjab Cricket Association IS Bindra Stadium,c D J Richardson b W J Cronje,3,25
64,24-11-1993,South Africa,Eden Gardens,c D J Richardson b R P Snell,15,31
65,27-11-1993,West Indies,Eden Gardens,not out,28,43
66,15-02-1994,Sri Lanka,Madhavrao Scindia Cricket Ground,c A Ranatunga b R S Kalpage,1,5
67,18-02-1994,Sri Lanka,Lal Bahadur Shastri Stadium,not out,11,18
68,20-02-1994,Sri Lanka,Gandhi Stadium,run out,52,63
69,25-03-1994,New Zealand,McLean Park,c K R Rutherford b D J Nash,15,19
70,27-03-1994,New Zealand,Eden Park,c & b M N Hart,82,49
71,30-03-1994,New Zealand,Basin Reserve,lbw b G R Larsen,63,75
72,02-04-1994,New Zealand,AMI Stadium,b G R Larsen,40,26
73,13-04-1994,United Arab Emirates,Sharjah Cricket Stadium,c Imtiaz Abbasi b Sultan Zarawani,63,77
74,15-04-1994,Pakistan,Sharjah Cricket Stadium,c Basit Ali b Akram Raza,73,64
75,19-04-1994,Australia,Sharjah Cricket Stadium,c M A Taylor b G D McGrath,6,7
76,22-04-1994,Pakistan,Sharjah Cricket Stadium,c Aamir Sohail b Ata-Ur-Rehman,24,26
77,04-09-1994,Sri Lanka,R Premadasa Stadium,not out,11,16
78,05-09-1994,Sri Lanka,R Premadasa Stadium,c H D P K Dharmasena b G P Wickramasinghe,6,5
79,09-09-1994,Australia,R Premadasa Stadium,b C J McDermott,110,130
80,17-09-1994,Sri Lanka,Sinhalese Sports Club Ground,c P A de Silva b W P U J C Vaas,0,2
81,17-10-1994,West Indies,Nahar Singh Stadium,c B C Lara b C A Walsh,0,4
82,20-10-1994,West Indies,Wankhede Stadium,c C L Hooper b C E Cuffy,0,4
83,23-10-1994,West Indies,MA Chidambaram Stadium,c C L Hooper b A C Cummins,8,24
84,28-10-1994,New Zealand,Reliance Stadium,run out,115,136
85,30-10-1994,West Indies,Green Park,b A C Cummins,34,47
86,03-11-1994,New Zealand,Feroz Shah Kotla,b M N Hart,62,54
87,05-11-1994,West Indies,Eden Gardens,c S C Williams b C E Cuffy,66,68
88,07-11-1994,West Indies,Indira Priyadarshini Stadium,c A C Cummins b C L Hooper,54,64
89,09-11-1994,West Indies,Barabati Stadium,b P V Simmons,88,112
90,11-11-1994,West Indies,Sawai Mansingh Stadium,c J C Adams b B S Browne,105,134
91,16-02-1995,New Zealand,McLean Park,c S A Thomson b D K Morrison,13,15
92,18-02-1995,South Africa,Seddon Park,c P L Symcox b W J Cronje,37,51
93,22-02-1995,Australia,Carisbrook,c M A Taylor b J Angel,47,40
94,05-04-1995,Bangladesh,Sharjah Cricket Stadium,b Mohammad Rafique,48,30
95,07-04-1995,Pakistan,Sharjah Cricket Stadium,c Moin Khan b Aaqib Javed,4,9
96,09-04-1995,Sri Lanka,Sharjah Cricket Stadium,not out,112,107
97,14-04-1995,Sri Lanka,Sharjah Cricket Stadium,c S T Jayasuriya b C P H Ramanayake,41,41
98,15-11-1995,New Zealand,Keenan Stadium,c M J Greatbatch b D K Morrison,30,20
99,18-11-1995,New Zealand,Gandhi Sports Complex Ground,c L K Germon b S A Thomson,39,51
100,24-11-1995,New Zealand,Nehru Stadium (Pune),c G R Larsen b D K Morrison,7,11
101,26-11-1995,New Zealand,Vidarbha Cricket Association Ground,run out,65,59
102,29-11-1995,New Zealand,Brabourne Stadium,b D K Morrison,1,4
103,18-02-1996,Kenya,Barabati Stadium,not out,127,138
104,21-02-1996,West Indies,Captain Roop Singh Stadium,run out,70,91
105,27-02-1996,Australia,Wankhede Stadium,st I A Healy b M E Waugh,90,84
106,02-03-1996,Sri Lanka,Feroz Shah Kotla,run out,137,137
107,06-03-1996,Zimbabwe,Green Park,b H H Streak,3,12
108,09-03-1996,Pakistan,M Chinnaswamy Stadium,b Ata-Ur-Rehman,31,59
109,13-03-1996,Sri Lanka,Eden Gardens,st R S Kaluwitharana b S T Jayasuriya,65,88
110,03-04-1996,Sri Lanka,Padang Cricket Ground,c S T Jayasuriya b G P Wickramasinghe,28,31
111,05-04-1996,Pakistan,Padang Cricket Ground,st Rashid Latif b Saqlain Mushtaq,100,111
112,12-04-1996,Pakistan,Sharjah Cricket Stadium,c Saeed Anwar b Aaqib Javed,1,5
113,14-04-1996,South Africa,Sharjah Cricket Stadium,c G Kirsten b P S De Villiers,2,15
114,15-04-1996,Pakistan,Sharjah Cricket Stadium,c Aamir Sohail b Waqar Younis,118,140
115,17-04-1996,South Africa,Sharjah Cricket Stadium,c G Kirsten b P S De Villiers,17,26
116,19-04-1996,South Africa,Sharjah Cricket Stadium,run out,57,71
117,23-05-1996,England,Kennington Oval,lbw b P J Martin,30,19
118,25-05-1996,England,Headingley,run out,6,19
119,26-05-1996,England,Old Trafford,c G A Hick b D G Cork,1,11
120,28-08-1996,Sri Lanka,R Premadasa Stadium,run out,110,138
121,01-09-1996,Zimbabwe,Sinhalese Sports Club Ground,c B C Strang b H H Streak,40,46
122,06-09-1996,Australia,Sinhalese Sports Club Ground,c S R Waugh b G D McGrath,7,11
123,16-09-1996,Pakistan,"Cricket, Skating & Curling Club",not out,89,89
124,17-09-1996,Pakistan,"Cricket, Skating & Curling Club",c Wasim Akram b Azhar Mahmood,20,23
125,18-09-1996,Pakistan,"Cricket, Skating & Curling Club",c Aamir Sohail b Wasim Akram,2,13
126,21-09-1996,Pakistan,"Cricket, Skating & Curling Club",c Saleem Malik b Wasim Akram,3,9
127,23-09-1996,Pakistan,"Cricket, Skating & Curling Club",run out,23,44
128,17-10-1996,South Africa,Lal Bahadur Shastri Stadium,c D J Cullinan b P S De Villiers,11,8
129,21-10-1996,Australia,M Chinnaswamy Stadium,lbw b S R Waugh,88,111
130,23-10-1996,South Africa,Sawai Mansingh Stadium,c G Kirsten b B M McMillan,64,93
131,29-10-1996,South Africa,Madhavrao Scindia Cricket Ground,lbw b A A Donald,28,38
132,03-11-1996,Australia,Punjab Cricket Association IS Bindra Stadium,c S G Law b M E Waugh,62,60
133,06-11-1996,South Africa,Wankhede Stadium,c W J Cronje b N Boje,67,88
134,14-12-1996,South Africa,Wankhede Stadium,st G Kirsten b N Boje,114,126
135,23-01-1997,South Africa,Mangaung Oval,b S M Pollock,0,4
136,27-01-1997,Zimbabwe,Boland Park,c A D R Campbell b E A Brandes,6,8
137,02-02-1997,South Africa,St George's Park,b A A Donald,1,14
138,04-02-1997,South Africa,Buffalo Park,c D J Cullinan b L Klusener,14,24
139,07-02-1997,Zimbabwe,SuperSport Park,c A C Waller b A D R Campbell,41,56
140,09-02-1997,Zimbabwe,Willowmoore Park,c A D R Campbell b C N Evans,104,97
141,12-02-1997,South Africa,Kingsmead,c J N Rhodes b L Klusener,32,27
142,13-02-1997,South Africa,Kingsmead,c R E Bryson b W J Cronje,45,33
143,15-02-1997,Zimbabwe,Queens Sports Club,c G W Flower b E A Brandes,13,15
144,26-04-1997,West Indies,Queen's Park Oval,c C O Browne b C E L Ambrose,44,43
145,27-04-1997,West Indies,Queen's Park Oval,not out,65,70
146,30-04-1997,West Indies,Arnos Vale Ground,b C A Walsh,9,15
147,03-05-1997,West Indies,Kensington Oval,c B C Lara b C A Walsh,1,11
148,14-05-1997,New Zealand,M Chinnaswamy Stadium,b N J Astle,117,137
149,17-05-1997,Sri Lanka,Wankhede Stadium,c H D P K Dharmasena b K S C de Silva,2,4
150,21-05-1997,Pakistan,MA Chidambaram Stadium,c Inzamam-ul-Haq b Aaqib Javed,4,7
151,18-07-1997,Sri Lanka,R Premadasa Stadium,b W P U J C Vaas,21,28
152,20-07-1997,Pakistan,Sinhalese Sports Club Ground,did not bat,,
153,24-07-1997,Bangladesh,Sinhalese Sports Club Ground,b Enamul Haque,28,21
154,26-07-1997,Sri Lanka,R Premadasa Stadium,c R S Kalpage b M Muralitharan,53,67
155,17-08-1997,Sri Lanka,R Premadasa Stadium,c M Muralitharan b W P U J C Vaas,27,28
156,20-08-1997,Sri Lanka,R Premadasa Stadium,lbw b W P U J C Vaas,6,6
157,23-08-1997,Sri Lanka,Sinhalese Sports Club Ground,c A Ranatunga b D K Liyanage,27,31
158,24-08-1997,Sri Lanka,Sinhalese Sports Club Ground,c S K L de Silva b K S C de Silva,39,32
159,13-09-1997,Pakistan,"Cricket, Skating & Curling Club",c Mohammad Akram b Azhar Mahmood,17,54
160,14-09-1997,Pakistan,"Cricket, Skating & Curling Club",not out,25,45
161,17-09-1997,Pakistan,"Cricket, Skating & Curling Club",did not bat,,
162,18-09-1997,Pakistan,"Cricket, Skating & Curling Club",c Moin Khan b Mohammad Akram,0,10
163,20-09-1997,Pakistan,"Cricket, Skating & Curling Club",c Moin Khan b Shahid Nazir,6,7
164,21-09-1997,Pakistan,"Cricket, Skating & Curling Club",lbw b Azhar Mahmood,51,64
165,28-09-1997,Pakistan,Niaz Stadium,b Waqar Younis,2,11
166,30-09-1997,Pakistan,National Stadium,c Moin Khan b Azhar Mahmood,21,18
167,02-10-1997,Pakistan,Gaddafi Stadium,c Inzamam-ul-Haq b Aaqib Javed,7,11
168,11-12-1997,England,Sharjah Cricket Stadium,st A J Stewart b M V Fleming,91,87
169,14-12-1997,Pakistan,Sharjah Cricket Stadium,c Inzamam-ul-Haq b Manzoor Akhtar,3,4
170,16-12-1997,West Indies,Sharjah Cricket Stadium,run out,1,2
171,22-12-1997,Sri Lanka,Nehru Stadium (Guwahati),not out,82,86
172,25-12-1997,Sri Lanka,Nehru Stadium (Indore),did not bat,,
173,28-12-1997,Sri Lanka,Nehru Stadium (Margao),c K S C de Silva b M Muralitharan,6,13
174,10-01-1998,Bangladesh,Bangabandhu National Stadium,c & b Mohammad Rafique,54,76
175,11-01-1998,Pakistan,Bangabandhu National Stadium,st Rashid Latif b Saqlain Mushtaq,67,44
176,14-01-1998,Pakistan,Bangabandhu National Stadium,b Shahid Afridi,95,78
177,16-01-1998,Pakistan,Bangabandhu National Stadium,b Azhar Mahmood,1,6
178,18-01-1998,Pakistan,Bangabandhu National Stadium,c Azhar Mahmood b Shahid Afridi,41,26
179,01-04-1998,Australia,Nehru Stadium (Kochi),c R T Ponting b M S Kasprowicz,8,11
180,05-04-1998,Zimbabwe,Reliance Stadium,run out,5,17
181,07-04-1998,Australia,Green Park,c sub b S K Warne,100,89
182,09-04-1998,Zimbabwe,Barabati Stadium,c A Flower b M Mbangwa,1,2
183,14-04-1998,Australia,Feroz Shah Kotla,c A C Gilchrist b D W Fleming,15,24
184,17-04-1998,New Zealand,Sharjah Cricket Stadium,c S B Doull b C Z Harris,40,41
185,19-04-1998,Australia,Sharjah Cricket Stadium,c A C Gilchrist b D W Fleming,80,72
186,20-04-1998,New Zealand,Sharjah Cricket Stadium,run out,38,58
187,22-04-1998,Australia,Sharjah Cricket Stadium,c A C Gilchrist b D W Fleming,143,131
188,24-04-1998,Australia,Sharjah Cricket Stadium,lbw b M S Kasprowicz,134,131
189,25-05-1998,Bangladesh,Wankhede Stadium,c Aminul Islam b Athar Ali Khan,33,29
190,28-05-1998,Kenya,Captain Roop Singh Stadium,c A Y A Karim b M A Suji,18,25
191,31-05-1998,Kenya,Eden Gardens,not out,100,103
192,19-06-1998,Sri Lanka,R Premadasa Stadium,c M S Atapattu b M Muralitharan,65,50
193,23-06-1998,New Zealand,R Premadasa Stadium,c & b C Z Harris,53,36
194,01-07-1998,Sri Lanka,Sinhalese Sports Club Ground,c & b H D P K Dharmasena,17,16
195,03-07-1998,New Zealand,Sinhalese Sports Club Ground,did not bat,,
196,07-07-1998,Sri Lanka,R Premadasa Stadium,st R S Kaluwitharana b S T Jayasuriya,128,131
197,20-09-1998,Pakistan,"Cricket, Skating & Curling Club",c Inzamam-ul-Haq b Aamir Sohail,77,109
198,26-09-1998,Zimbabwe,Queens Sports Club,not out,127,130
199,27-09-1998,Zimbabwe,Queens Sports Club,c C B Wishart b M L Nkala,29,21
200,30-09-1998,Zimbabwe,Harare Sports Club,c C N Evans b H H Streak,2,6
201,28-10-1998,Australia,Bangabandhu National Stadium,run out,141,128
202,31-10-1998,West Indies,Bangabandhu National Stadium,c C L Hooper b M V Dillon,8,14
203,06-11-1998,Sri Lanka,Sharjah Cricket Stadium,c R S Kaluwitharana b W P U J C Vaas,3,6
204,08-11-1998,Zimbabwe,Sharjah Cricket Stadium,not out,118,112
205,09-11-1998,Sri Lanka,Sharjah Cricket Stadium,c M S Atapattu b G P Wickramasinghe,18,28
206,11-11-1998,Zimbabwe,Sharjah Cricket Stadium,c G W Flower b H K Olonga,11,12
207,13-11-1998,Zimbabwe,Sharjah Cricket Stadium,not out,124,92
208,09-01-1999,New Zealand,Owen Delany Park,c C Z Harris b C L Cairns,0,5
209,12-01-1999,New Zealand,McLean Park,c B A Young b D J Nash,23,19
210,14-01-1999,New Zealand,Basin Reserve,st A C Parore b G R Larsen,45,42
211,16-01-1999,New Zealand,Eden Park,lbw b C L Cairns,5,12
212,15-05-1999,South Africa,County Ground (Hove),c M V Boucher b L Klusener,28,46
213,23-05-1999,Kenya,County Ground (Bristol),not out,140,101
214,26-05-1999,Sri Lanka,County Ground (Taunton),b S T Jayasuriya,2,3
215,29-05-1999,England,Edgbaston,c G A Hick b M A Ealham,22,40
216,04-06-1999,Australia,Kennington Oval,c A C Gilchrist b G D McGrath,0,4
217,08-06-1999,Pakistan,Old Trafford,c Saqlain Mushtaq b Azhar Mahmood,45,65
218,12-06-1999,New Zealand,Trent Bridge,b D J Nash,16,22
219,23-08-1999,Australia,Galle International Stadium,c D S Lehmann b T M Moody,14,33
220,25-08-1999,Sri Lanka,R Premadasa Stadium,run out,37,58
221,29-08-1999,Sri Lanka,Sinhalese Sports Club Ground,c M Muralitharan b D N T Zoysa,120,141
222,04-09-1999,Zimbabwe,Kallang Ground,c S V Carlisle b A R Whittall,85,72
223,07-09-1999,West Indies,Kallang Ground,c R D Jacobs b C A Walsh,40,65
224,08-09-1999,West Indies,Kallang Ground,c H R Bryan b C A Walsh,0,6
225,05-11-1999,New Zealand,Madhavrao Scindia Cricket Ground,c C L Cairns b S B Styris,32,31
226,08-11-1999,New Zealand,Lal Bahadur Shastri Stadium,not out,186,150
227,11-11-1999,New Zealand,Captain Roop Singh Stadium,c S P Fleming b C J Drum,1,23
228,14-11-1999,New Zealand,Nehru Stadium (Guwahati),c C M Spearman b C J Drum,2,10
229,17-11-1999,New Zealand,Feroz Shah Kotla,c & b D L Vettori,0,3
230,10-01-2000,Pakistan,Brisbane Cricket Ground,b Abdul Razzaq,13,26
231,12-01-2000,Australia,Melbourne Cricket Ground,run out,12,11
232,14-01-2000,Australia,Sydney Cricket Ground,c A C Gilchrist b G D McGrath,1,11
233,21-01-2000,Pakistan,Bellerive Oval,b Abdul Razzaq,93,103
234,25-01-2000,Pakistan,Adelaide Oval,c Moin Khan b Abdul Razzaq,41,46
235,26-01-2000,Australia,Adelaide Oval,c S C G MacGill b B Lee,18,28
236,28-01-2000,Pakistan,WACA Ground,c Moin Khan b Waqar Younis,17,14
237,30-01-2000,Australia,WACA Ground,b D W Fleming,3,21
238,09-03-2000,South Africa,Nehru Stadium (Kochi),c H S Williams b M Hayward,26,25
239,12-03-2000,South Africa,Keenan Stadium,c W J Cronje b S M Pollock,21,31
240,15-03-2000,South Africa,Nahar Singh Stadium,lbw b S M Pollock,12,28
241,17-03-2000,South Africa,Reliance Stadium,c S Elworthy b J H Kallis,122,138
242,19-03-2000,South Africa,Vidarbha Cricket Association Ground,c S Elworthy b D N Crookes,93,89
243,22-03-2000,South Africa,Sharjah Cricket Stadium,b S M Pollock,5,8
244,23-03-2000,Pakistan,Sharjah Cricket Stadium,lbw b Shoaib Akhtar,11,28
245,26-03-2000,Pakistan,Sharjah Cricket Stadium,b Wasim Akram,10,18
246,27-03-2000,South Africa,Sharjah Cricket Stadium,run out,39,68
247,30-05-2000,Bangladesh,Bangabandhu National Stadium,c Habibul Bashar b Mushfiqur Rahman,36,25
248,01-06-2000,Sri Lanka,Bangabandhu National Stadium,c D P M D Jayawardene b K Weeraratne,93,95
249,03-06-2000,Pakistan,Bangabandhu National Stadium,lbw b Abdul Razzaq,25,30
250,03-10-2000,Kenya,Gymkhana Club Ground,lbw b A O Suji,25,35
251,07-10-2000,Australia,Gymkhana Club Ground,c D R Martyn b B Lee,38,37
252,13-10-2000,South Africa,Gymkhana Club Ground,c L Klusener b J H Kallis,39,50
253,15-10-2000,New Zealand,Gymkhana Club Ground,run out,69,83
254,20-10-2000,Sri Lanka,Sharjah Cricket Stadium,run out,101,140
255,22-10-2000,Zimbabwe,Sharjah Cricket Stadium,c A Flower b H H Streak,8,15
256,26-10-2000,Zimbabwe,Sharjah Cricket Stadium,c P A Strang b T J Friend,4,10
257,27-10-2000,Sri Lanka,Sharjah Cricket Stadium,c W P U J C Vaas b M Muralitharan,61,54
258,29-10-2000,Sri Lanka,Sharjah Cricket Stadium,c & b W P U J C Vaas,5,11
259,02-12-2000,Zimbabwe,Barabati Stadium,c H H Streak b D P Viljoen,44,49
260,05-12-2000,Zimbabwe,Sardar Patel Stadium,c A Flower b T J Friend,8,20
261,08-12-2000,Zimbabwe,Barkatullah Khan Stadium,c M L Nkala b H H Streak,146,153
262,11-12-2000,Zimbabwe,Green Park,lbw b T J Friend,62,86
263,14-12-2000,Zimbabwe,Madhavrao Scindia Cricket Ground,b M L Nkala,27,38
264,25-03-2001,Australia,M Chinnaswamy Stadium,run out,35,26
265,28-03-2001,Australia,Nehru Stadium (Pune),c D S Lehmann b D W Fleming,32,29
266,31-03-2001,Australia,Nehru Stadium (Indore),c D W Fleming b G D McGrath,139,125
267,03-04-2001,Australia,Indira Priyadarshini Stadium,c S R Waugh b N W Bracken,62,38
268,06-04-2001,Australia,Nehru Stadium (Margao),c A C Gilchrist b N W Bracken,12,15
269,24-06-2001,Zimbabwe,Harare Sports Club,not out,70,70
270,27-06-2001,Zimbabwe,Queens Sports Club,c G W Flower b B C Strang,9,27
271,30-06-2001,West Indies,Queens Sports Club,not out,81,110
272,04-07-2001,West Indies,Harare Sports Club,not out,122,131
273,07-07-2001,West Indies,Harare Sports Club,c D Ganga b C D Collymore,0,4
274,05-10-2001,South Africa,New Wanderers Stadium,c H H Gibbs b J H Kallis,101,129
275,10-10-2001,South Africa,SuperSport Park,c A Nel b M Ntini,38,57
276,12-10-2001,Kenya,Mangaung Oval,did not bat,,
277,17-10-2001,Kenya,St George's Park,b J O Angara,3,20
278,19-10-2001,South Africa,Buffalo Park,b J H Kallis,37,35
279,24-10-2001,Kenya,Boland Park,c M O Odumbe b T M Odoyo,146,132
280,26-10-2001,South Africa,Kingsmead,b M Hayward,17,42
281,19-01-2002,England,Eden Gardens,b A Flintoff,36,43
282,22-01-2002,England,Barabati Stadium,run out,45,60
283,25-01-2002,England,MA Chidambaram Stadium,lbw b J N Snape,68,79
284,28-01-2002,England,Green Park,not out,87,67
285,31-01-2002,England,Feroz Shah Kotla,c J S Foster b A R Caddick,18,16
286,03-02-2002,England,Wankhede Stadium,c J S Foster b D Gough,12,18
287,29-05-2002,West Indies,Kensington Oval,not out,34,45
288,02-06-2002,West Indies,Queen's Park Oval,b M V Dillon,65,70
289,29-06-2002,England,Lord's,lbw b R C Irani,1,9
290,30-06-2002,Sri Lanka,Kennington Oval,c R S Kaluwitharana b D N T Zoysa,49,70
291,04-07-2002,England,Riverside Ground,not out,105,108
292,06-07-2002,Sri Lanka,Edgbaston,c M S Atapattu b C R D Fernando,19,25
293,09-07-2002,England,Kennington Oval,c A J Stewart b M J Hoggard,36,29
294,11-07-2002,Sri Lanka,County Ground (Bristol),c U D U Chandana b W P U J C Vaas,113,102
295,13-07-2002,England,Lord's,b A F Giles,14,19
296,14-09-2002,Zimbabwe,R Premadasa Stadium,c A D R Campbell b D T Hondo,7,16
297,22-09-2002,England,R Premadasa Stadium,not out,9,20
298,25-09-2002,South Africa,R Premadasa Stadium,run out,16,29
299,29-09-2002,Sri Lanka,R Premadasa Stadium,did not bat,,
300,30-09-2002,Sri Lanka,R Premadasa Stadium,not out,7,22
301,08-01-2003,New Zealand,Westpac Stadium,lbw b S E Bond,0,10
302,11-01-2003,New Zealand,Eden Park,c B B McCullum b D R Tuffey,1,13
303,14-01-2003,New Zealand,Seddon Park,c S P Fleming b D R Tuffey,1,6
304,12-02-2003,Netherlands,Boland Park,c J Smits b T B M de Leede,52,72
305,15-02-2003,Australia,SuperSport Park,lbw b J N Gillespie,36,59
306,19-02-2003,Zimbabwe,Harare Sports Club,b G W Flower,81,91
307,23-02-2003,Namibia,City Oval,b R J van Vuuren,152,151
308,26-02-2003,England,Kingsmead,c P D Collingwood b A Flintoff,50,52
309,01-03-2003,Pakistan,SuperSport Park,c Younis Khan b Shoaib Akhtar,98,75
310,07-03-2003,Kenya,Newlands,c A O Suji b M A Suji,5,12
311,10-03-2003,Sri Lanka,New Wanderers Stadium,c K C Sangakkara b P A de Silva,97,120
312,14-03-2003,New Zealand,SuperSport Park,c J D P Oram b D R Tuffey,15,16
313,20-03-2003,Kenya,Kingsmead,c D O Obuya b S O Tikolo,83,101
314,23-03-2003,Australia,New Wanderers Stadium,c & b G D McGrath,4,5
315,23-10-2003,New Zealand,MA Chidambaram Stadium,not out,48,66
316,26-10-2003,Australia,Captain Roop Singh Stadium,c A C Gilchrist b N W Bracken,100,119
317,01-11-2003,Australia,Wankhede Stadium,b M J Clarke,68,76
318,06-11-2003,New Zealand,Barabati Stadium,lbw b K D Mills,14,14
319,12-11-2003,Australia,M Chinnaswamy Stadium,b I J Harvey,89,91
320,15-11-2003,New Zealand,Lal Bahadur Shastri Stadium,c J D P Oram b C Z Harris,102,91
321,18-11-2003,Australia,Eden Gardens,b A J Bichel,45,66
322,09-01-2004,Australia,Melbourne Cricket Ground,c R T Ponting b A Symonds,63,69
323,14-01-2004,Zimbabwe,Bellerive Oval,b S M Ervine,44,59
324,18-01-2004,Australia,Brisbane Cricket Ground,c & b A Symonds,86,95
325,01-02-2004,Australia,WACA Ground,c M L Hayden b B Lee,5,6
326,03-02-2004,Zimbabwe,WACA Ground,c T Taibu b H H Streak,3,8
327,06-02-2004,Australia,Melbourne Cricket Ground,b B Lee,8,22
328,08-02-2004,Australia,Sydney Cricket Ground,c B Lee b J N Gillespie,27,40
329,13-03-2004,Pakistan,National Stadium,c Naved-ul-Hasan b Shoaib Akhtar,28,35
330,16-03-2004,Pakistan,Rawalpindi Cricket Stadium,c Abdul Razzaq b Shoaib Malik,141,135
331,19-03-2004,Pakistan,Arbab Niaz Stadium,c Moin Khan b Shabbir Ahmed,0,5
332,21-03-2004,Pakistan,Gaddafi Stadium,c Moin Khan b Shoaib Akhtar,7,13
333,24-03-2004,Pakistan,Gaddafi Stadium,c Moin Khan b Mohammad Sami,37,48
334,16-07-2004,United Arab Emirates,Rangiri Dambulla International Stadium,c Fahad Usman b Asim Saeed,18,25
335,18-07-2004,Sri Lanka,Rangiri Dambulla International Stadium,c W S Jayantha b D N T Zoysa,11,13
336,21-07-2004,Bangladesh,Sinhalese Sports Club Ground,not out,82,126
337,24-07-2004,Pakistan,R Premadasa Stadium,c Imran Nazir b Shoaib Malik,78,103
338,27-07-2004,Sri Lanka,R Premadasa Stadium,lbw b D N T Zoysa,18,21
339,01-08-2004,Sri Lanka,R Premadasa Stadium,b T M Dilshan,74,100
340,13-11-2004,Pakistan,Eden Gardens,run out,16,17
341,23-12-2004,Bangladesh,MA Aziz Stadium,c Khaled Mashud b Nazmul Hossain,19,32
342,27-12-2004,Bangladesh,Bangabandhu National Stadium,c Khaled Mashud b Khaled Mahmud,47,42
343,02-04-2005,Pakistan,Nehru Stadium (Kochi),c Mohammad Yousuf b Naved-ul-Hasan,4,4
344,05-04-2005,Pakistan,Dr YS Rajasekhara Reddy Cricket Stadium,run out,2,8
345,09-04-2005,Pakistan,Keenan Stadium,c Younis Khan b Mohammad Sami,6,11
346,12-04-2005,Pakistan,Sardar Patel Stadium,b Shoaib Malik,123,130
347,15-04-2005,Pakistan,Green Park,c Kamran Akmal b Naved-ul-Hasan,1,10
348,17-04-2005,Pakistan,Feroz Shah Kotla,b Iftikhar Anjum,9,15
349,25-10-2005,Sri Lanka,Vidarbha Cricket Association Ground,c K C Sangakkara b M F Maharoof,93,96
350,28-10-2005,Sri Lanka,Punjab Cricket Association IS Bindra Stadium,not out,67,69
351,31-10-2005,Sri Lanka,Sawai Mansingh Stadium,c K C Sangakkara b W P U J C Vaas,2,3
352,03-11-2005,Sri Lanka,Nehru Stadium (Pune),b W P U J C Vaas,11,19
353,09-11-2005,Sri Lanka,Madhavrao Scindia Cricket Ground,c M F Maharoof b C R D Fernando,19,30
354,12-11-2005,Sri Lanka,Reliance Stadium,c & b D N T Zoysa,39,48
355,16-11-2005,South Africa,Rajiv Gandhi International Stadium,c M V Boucher b S M Pollock,2,9
356,19-11-2005,South Africa,M Chinnaswamy Stadium,c sub b S M Pollock,2,22
357,25-11-2005,South Africa,Eden Gardens,c M V Boucher b S M Pollock,2,15
358,28-11-2005,South Africa,Wankhede Stadium,c A G Prince b A Nel,30,44
359,06-02-2006,Pakistan,Arbab Niaz Stadium,lbw b Arshad Khan,100,113
360,11-02-2006,Pakistan,Rawalpindi Cricket Stadium,c Kamran Akmal b Abdul Razzaq,42,43
361,13-02-2006,Pakistan,Gaddafi Stadium,c sub b Abdul Razzaq,95,104
362,16-02-2006,Pakistan,Multan Cricket Stadium,c Kamran Akmal b Mohammad Sami,0,3
363,18-08-2006,Sri Lanka,Sinhalese Sports Club Ground,not out,2,3
364,14-09-2006,West Indies,Kinrara Academy Oval,not out,141,148
365,16-09-2006,Australia,Kinrara Academy Oval,c B J Haddin b M G Johnson,12,17
366,20-09-2006,West Indies,Kinrara Academy Oval,run out,65,102
367,22-09-2006,Australia,Kinrara Academy Oval,c M E K Hussey b B Lee,4,10
368,15-10-2006,England,Sawai Mansingh Stadium,lbw b S J Harmison,35,41
369,26-10-2006,West Indies,Sardar Patel Stadium,b I D R Bradshaw,29,45
370,29-10-2006,Australia,Punjab Cricket Association IS Bindra Stadium,c A C Gilchrist b G D McGrath,10,26
371,22-11-2006,South Africa,Kingsmead,b A Nel,35,51
372,26-11-2006,South Africa,Newlands,c L L Bosman b S M Pollock,2,9
373,29-11-2006,South Africa,St George's Park,c M V Boucher b S M Pollock,1,3
374,03-12-2006,South Africa,SuperSport Park,c A B de Villiers b J M Kemp,55,97
375,21-01-2007,West Indies,Vidarbha Cricket Association Ground,lbw b C H Gayle,31,38
376,24-01-2007,West Indies,Barabati Stadium,c D S Smith b D B Powell,0,6
377,27-01-2007,West Indies,MA Chidambaram Stadium,c R S Morton b D J J Bravo,60,66
378,31-01-2007,West Indies,Reliance Stadium,not out,100,76
379,08-02-2007,Sri Lanka,Eden Gardens,did not bat,,
380,11-02-2007,Sri Lanka,Madhavrao Scindia Cricket Ground,st K C Sangakkara b C M Bandara,54,61
381,14-02-2007,Sri Lanka,Nehru Stadium (Margao),b K M D N Kulasekara,1,8
382,17-03-2007,Bangladesh,Queen's Park Oval,c Mushfiqur Rahim b Abdur Razzak,7,26
383,19-03-2007,Bermuda,Queen's Park Oval,not out,57,29
384,23-03-2007,Sri Lanka,Queen's Park Oval,b C R D Fernando,0,3
385,23-06-2007,Ireland,Civil Service Cricket Club,b R K Whelan,4,3
386,26-06-2007,South Africa,Civil Service Cricket Club,run out,99,143
387,29-06-2007,South Africa,Civil Service Cricket Club,b T Tshabalala,93,106
388,01-07-2007,South Africa,Civil Service Cricket Club,c M V Boucher b M Ntini,8,8
389,21-08-2007,England,The Rose Bowl,c R S Bopara b J M Anderson,17,33
390,24-08-2007,England,County Ground (Bristol),c M J Prior b A Flintoff,99,112
391,27-08-2007,England,Edgbaston,c P D Collingwood b J M Anderson,8,19
392,30-08-2007,England,Old Trafford,c A Flintoff b K P Pietersen,55,86
393,02-09-2007,England,Headingley,c M J Prior b J Lewis,71,59
394,05-09-2007,England,Kennington Oval,c P D Collingwood b M S Panesar,94,81
395,08-09-2007,England,Lord's,c M J Prior b A Flintoff,30,46
396,29-09-2007,Australia,M Chinnaswamy Stadium,lbw b M G Johnson,0,6
397,02-10-2007,Australia,Nehru Stadium (Kochi),c A Symonds b S R Clark,16,25
398,05-10-2007,Australia,Rajiv Gandhi International Stadium,b G B Hogg,43,71
399,08-10-2007,Australia,Sector 16 Stadium,run out,79,119
400,11-10-2007,Australia,Reliance Stadium,c A C Gilchrist b B Lee,47,73
401,14-10-2007,Australia,Vidarbha Cricket Association Ground,st A C Gilchrist b J R Hopes,72,72
402,17-10-2007,Australia,Wankhede Stadium,b B Lee,21,36
403,05-11-2007,Pakistan,Nehru Stadium (Guwahati),lbw b Shoaib Akhtar,4,7
404,08-11-2007,Pakistan,Punjab Cricket Association IS Bindra Stadium,c Kamran Akmal b Umar Gul,99,91
405,11-11-2007,Pakistan,Green Park,c Kamran Akmal b Sohail Tanvir,29,27
406,15-11-2007,Pakistan,Captain Roop Singh Stadium,b Umar Gul,97,102
407,18-11-2007,Pakistan,Sawai Mansingh Stadium,c Misbah-ul-Haq b Sohail Tanvir,30,27
408,03-02-2008,Australia,Brisbane Cricket Ground,hit wicket b B Lee,10,17
409,04-02-2008,Sri Lanka,Brisbane Cricket Ground,b S L Malinga,35,52
410,10-02-2008,Australia,Melbourne Cricket Ground,c B Lee b M G Johnson,44,54
411,12-02-2008,Sri Lanka,Manuka Oval,c K M D N Kulasekara b M F Maharoof,32,30
412,17-02-2008,Australia,Adelaide Oval,lbw b N W Bracken,5,15
413,19-02-2008,Sri Lanka,Adelaide Oval,b S L Malinga,0,2
414,24-02-2008,Australia,Sydney Cricket Ground,lbw b B Lee,2,3
415,26-02-2008,Sri Lanka,Bellerive Oval,c L P C Silva b M Muralitharan,63,54
416,02-03-2008,Australia,Sydney Cricket Ground,not out,117,120
417,04-03-2008,Australia,Brisbane Cricket Ground,c R T Ponting b M J Clarke,91,121
418,23-11-2008,England,M Chinnaswamy Stadium,b S C J Broad,11,21
419,26-11-2008,England,Barabati Stadium,b S J Harmison,50,57
420,28-01-2009,Sri Lanka,Rangiri Dambulla International Stadium,lbw b T Thushara,5,16
421,31-01-2009,Sri Lanka,R Premadasa Stadium,lbw b K M D N Kulasekara,6,9
422,03-02-2009,Sri Lanka,R Premadasa Stadium,lbw b C R D Fernando,7,12
423,03-03-2009,New Zealand,McLean Park,c B B McCullum b I G Butler,20,23
424,06-03-2009,New Zealand,Westpac Stadium,lbw b D L Vettori,61,69
425,08-03-2009,New Zealand,AMI Stadium,retired hurt,163,133
426,11-09-2009,New Zealand,R Premadasa Stadium,c M J Guptill b D L Vettori,46,55
427,12-09-2009,Sri Lanka,R Premadasa Stadium,c B A W Mendis b K M D N Kulasekara,27,33
428,14-09-2009,Sri Lanka,R Premadasa Stadium,lbw b B A W Mendis,138,133
429,26-09-2009,Pakistan,SuperSport Park,c Kamran Akmal b Mohammad Amir,8,14
430,28-09-2009,Australia,SuperSport Park,did not bat,,
431,25-10-2009,Australia,Reliance Stadium,c R T Ponting b S R Watson,14,29
432,28-10-2009,Australia,Vidarbha Cricket Association Stadium,c C L White b P M Siddle,4,8
433,31-10-2009,Australia,Feroz Shah Kotla,run out,32,47
434,02-11-2009,Australia,Punjab Cricket Association IS Bindra Stadium,lbw b N M Hauritz,40,68
435,05-11-2009,Australia,Rajiv Gandhi International Stadium,c N M Hauritz b C J McKay,175,141
436,08-11-2009,Australia,Nehru Stadium (Guwahati),c & b D E Bollinger,10,17
437,15-12-2009,Sri Lanka,Madhavrao Scindia Cricket Ground,b C R D Fernando,69,63
438,18-12-2009,Sri Lanka,Vidarbha Cricket Association Stadium,st K C Sangakkara b B A W Mendis,43,52
439,21-12-2009,Sri Lanka,Barabati Stadium,not out,96,104
440,24-12-2009,Sri Lanka,Eden Gardens,c S Randiv b R A S Lakmal,8,8
441,21-02-2010,South Africa,Sawai Mansingh Stadium,run out,4,5
442,24-02-2010,South Africa,Captain Roop Singh Stadium,not out,200,147
443,12-01-2011,South Africa,Kingsmead,c D W Steyn b L L Tsotsobe,7,11
444,15-01-2011,South Africa,New Wanderers Stadium,b J Botha,24,44
445,19-02-2011,Bangladesh,Shere Bangla National Stadium,run out,28,29
446,27-02-2011,England,M Chinnaswamy Stadium,c M H Yardy b J M Anderson,120,115
447,06-03-2011,Ireland,M Chinnaswamy Stadium,lbw b G H Dockrell,38,56
448,09-03-2011,Netherlands,Feroz Shah Kotla,c B P Kruger b P M Seelaar,27,22
449,12-03-2011,South Africa,Vidarbha Cricket Association Stadium,c J-P Duminy b M Morkel,111,101
450,20-03-2011,West Indies,MA Chidambaram Stadium,c D C Thomas b R Rampaul,2,4
451,24-03-2011,Australia,Sardar Patel Stadium,c B J Haddin b S W Tait,53,68
452,30-03-2011,Pakistan,Punjab Cricket Association IS Bindra Stadium,c Shahid Afridi b Saeed Ajmal,85,115
453,02-04-2011,Sri Lanka,Wankhede Stadium,c K C Sangakkara b S L Malinga,18,14
454,05-02-2012,Australia,Melbourne Cricket Ground,c R T Ponting b M A Starc,2,6
455,08-02-2012,Sri Lanka,WACA Ground,b A D Mathews,48,63
456,14-02-2012,Sri Lanka,Adelaide Oval,c K C Sangakkara b K M D N Kulasekara,15,24
457,19-02-2012,Australia,Brisbane Cricket Ground,c X J Doherty b B W Hilfenhaus,3,12
458,21-02-2012,Sri Lanka,Brisbane Cricket Ground,b K M D N Kulasekara,22,23
459,26-02-2012,Australia,Sydney Cricket Ground,run out,14,15
460,28-02-2012,Sri Lanka,Bellerive Oval,lbw b S L Malinga,39,30
461,13-03-2012,Sri Lanka,Shere Bangla National Stadium,c D P M D Jayawardene b R A S Lakmal,6,19
462,16-03-2012,Bangladesh,Shere Bangla National Stadium,c Mushfiqur Rahim b Mashrafe Mortaza,114,147
463,18-03-2012,Pakistan,Shere Bangla National Stadium,c Younis Khan b Saeed Ajmal,52,48
