seq_no,mtch_date,versus,venue,dismissal_mode,runs,balls
1,18-08-2008,Sri Lanka,Rangiri Dambulla International Stadium,lbw b K M D N Kulasekara,12,22
2,20-08-2008,Sri Lanka,Rangiri Dambulla International Stadium,c C K Kapugedera b T Thushara,37,67
3,24-08-2008,Sri Lanka,R Premadasa Stadium,run out,25,38
4,27-08-2008,Sri Lanka,R Premadasa Stadium,b T Thushara,54,66
5,29-08-2008,Sri Lanka,R Premadasa Stadium,lbw b K M D N Kulasekara,31,46
6,14-09-2009,Sri Lanka,R Premadasa Stadium,not out,2,2
7,26-09-2009,Pakistan,SuperSport Park,c Umar Gul b Shahid Afridi,16,24
8,28-09-2009,Australia,SuperSport Park,did not bat,,
9,30-09-2009,West Indies,New Wanderers Stadium,not out,79,104
10,25-10-2009,Australia,Reliance Stadium,c S R Watson b A C Voges,30,41
11,02-11-2009,Australia,Punjab Cricket Association IS Bindra Stadium,c G A Manou b D E Bollinger,10,16
12,15-12-2009,Sri Lanka,Madhavrao Scindia Cricket Ground,b U W M B C A Welegedara,27,19
13,18-12-2009,Sri Lanka,Vidarbha Cricket Association Stadium,lbw b S Randiv,54,65
14,24-12-2009,Sri Lanka,Eden Gardens,c sub b S Randiv,107,114
15,27-12-2009,Sri Lanka,Feroz Shah Kotla,did not bat,,
16,05-01-2010,Sri Lanka,Shere Bangla National Stadium,c K C Sangakkara b U W M B C A Welegedara,9,12
17,07-01-2010,Bangladesh,Shere Bangla National Stadium,c & b Shakib Al Hasan,91,102
18,10-01-2010,Sri Lanka,Shere Bangla National Stadium,not out,71,68
19,11-01-2010,Bangladesh,Shere Bangla National Stadium,not out,102,95
20,13-01-2010,Sri Lanka,Shere Bangla National Stadium,c K C Sangakkara b U W M B C A Welegedara,2,8
21,21-02-2010,South Africa,Sawai Mansingh Stadium,c H H Gibbs b J A Morkel,31,46
22,24-02-2010,South Africa,Captain Roop Singh Stadium,did not bat,,
23,27-02-2010,South Africa,Sardar Patel Stadium,c M V Boucher b D W Steyn,57,71
24,28-05-2010,Zimbabwe,Queens Sports Club,run out,0,0
25,30-05-2010,Sri Lanka,Queens Sports Club,c C R D Fernando b S Randiv,82,92
26,03-06-2010,Zimbabwe,Harare Sports Club,c T Taibu b P Utseya,18,29
27,05-06-2010,Sri Lanka,Harare Sports Club,c B M A J Mendis b T Thushara,68,95
28,16-06-2010,Bangladesh,Rangiri Dambulla International Stadium,st Mushfiqur Rahim b Shakib Al Hasan,11,22
29,19-06-2010,Pakistan,Rangiri Dambulla International Stadium,b Saeed Ajmal,18,27
30,22-06-2010,Sri Lanka,Rangiri Dambulla International Stadium,c K C Sangakkara b M F Maharoof,10,14
31,24-06-2010,Sri Lanka,Rangiri Dambulla International Stadium,c K C Sangakkara b S L Malinga,28,34
32,16-08-2010,Sri Lanka,Rangiri Dambulla International Stadium,c K C Sangakkara b C R D Fernando,0,3
33,25-08-2010,New Zealand,Rangiri Dambulla International Stadium,c G J Hopkins b T G Southee,8,16
34,28-08-2010,Sri Lanka,Rangiri Dambulla International Stadium,c A D Mathews b N L T C Perera,37,57
35,20-10-2010,Australia,Dr YS Rajasekhara Reddy Cricket Stadium,c J R Hopes b J W Hastings,118,121
36,28-11-2010,New Zealand,Nehru Stadium (Guwahati),c J M How b A J McKay,105,104
37,01-12-2010,New Zealand,Sawai Mansingh Stadium,c L R P L Taylor b A J McKay,64,73
38,04-12-2010,New Zealand,Reliance Stadium,not out,63,70
39,07-12-2010,New Zealand,M Chinnaswamy Stadium,c K D Mills b A J McKay,0,2
40,10-12-2010,New Zealand,MA Chidambaram Stadium,c L R P L Taylor b D L Vettori,2,8
41,12-01-2011,South Africa,Kingsmead,c G C Smith b D W Steyn,54,70
42,15-01-2011,South Africa,New Wanderers Stadium,run out,22,34
43,18-01-2011,South Africa,Newlands,c A B de Villiers b M Morkel,28,41
44,21-01-2011,South Africa,St George's Park,not out,87,92
45,23-01-2011,South Africa,SuperSport Park,c A B de Villiers b M Morkel,2,6
46,19-02-2011,Bangladesh,Shere Bangla National Stadium,not out,100,83
47,27-02-2011,England,M Chinnaswamy Stadium,b T T Bresnan,8,5
48,06-03-2011,Ireland,M Chinnaswamy Stadium,run out,34,53
49,09-03-2011,Netherlands,Feroz Shah Kotla,b P W Borren,12,20
50,12-03-2011,South Africa,Vidarbha Cricket Association Stadium,c & b R J Peterson,1,3
51,20-03-2011,West Indies,MA Chidambaram Stadium,b R Rampaul,59,76
52,24-03-2011,Australia,Sardar Patel Stadium,c M J Clarke b D J Hussey,24,33
53,30-03-2011,Pakistan,Punjab Cricket Association IS Bindra Stadium,c Umar Akmal b Wahab Riaz,9,21
54,02-04-2011,Sri Lanka,Wankhede Stadium,c & b T M Dilshan,35,49
55,06-06-2011,West Indies,Queen's Park Oval,c C S Baugh b R Rampaul,2,8
56,08-06-2011,West Indies,Queen's Park Oval,c K A Pollard b D Bishoo,81,103
57,11-06-2011,West Indies,Sir Vivian Richards Stadium,lbw b D J G Sammy,0,1
58,13-06-2011,West Indies,Sir Vivian Richards Stadium,st C S Baugh b A Martin,22,33
59,16-06-2011,West Indies,Sabina Park,run out,94,104
60,03-09-2011,England,Riverside Ground,b S R Patel,55,73
61,06-09-2011,England,The Rose Bowl,c I R Bell b G P Swann,9,9
62,09-09-2011,England,Kennington Oval,c C Kieswetter b J M Anderson,7,18
63,11-09-2011,England,Lord's,c C Kieswetter b G P Swann,16,36
64,16-09-2011,England,Sophia Gardens,hit wicket b G P Swann,107,93
65,14-10-2011,England,Rajiv Gandhi International Stadium,c K P Pietersen b S R Patel,37,63
66,17-10-2011,England,Feroz Shah Kotla,not out,112,98
67,20-10-2011,England,Punjab Cricket Association IS Bindra Stadium,lbw b G P Swann,35,30
68,23-10-2011,England,Wankhede Stadium,not out,86,99
69,25-10-2011,England,Eden Gardens,b S T Finn,0,5
70,29-11-2011,West Indies,Barabati Stadium,b K A J Roach,3,6
71,02-12-2011,West Indies,Dr YS Rajasekhara Reddy Cricket Stadium,c D Ramdin b R Rampaul,117,123
72,05-12-2011,West Indies,Sardar Patel Stadium,lbw b S P Narine,20,30
73,08-12-2011,West Indies,Holkar Cricket Stadium,not out,23,11
74,11-12-2011,West Indies,MA Chidambaram Stadium,c M N Samuels b A Martin,80,85
75,05-02-2012,Australia,Melbourne Cricket Ground,c R T Ponting b C J McKay,31,34
76,08-02-2012,Sri Lanka,WACA Ground,run out,77,94
77,12-02-2012,Australia,Adelaide Oval,c P J Forrest b C J McKay,18,28
78,14-02-2012,Sri Lanka,Adelaide Oval,lbw b N L T C Perera,15,25
79,19-02-2012,Australia,Brisbane Cricket Ground,c D J Hussey b B W Hilfenhaus,12,25
80,21-02-2012,Sri Lanka,Brisbane Cricket Ground,c K M D N Kulasekara b N L T C Perera,66,83
81,26-02-2012,Australia,Sydney Cricket Ground,c D T Christian b S R Watson,21,27
82,28-02-2012,Sri Lanka,Bellerive Oval,not out,133,86
83,13-03-2012,Sri Lanka,Shere Bangla National Stadium,c H D R L Thirimanne b M F Maharoof,108,120
84,16-03-2012,Bangladesh,Shere Bangla National Stadium,b Abdur Razzak,66,82
85,18-03-2012,Pakistan,Shere Bangla National Stadium,c Mohammad Hafeez b Umar Gul,183,148
86,21-07-2012,Sri Lanka,Mahinda Rajapaksha International Cricket Stadium,c sub b N L T C Perera,106,113
87,24-07-2012,Sri Lanka,Mahinda Rajapaksha International Cricket Stadium,c K C Sangakkara b N L T C Perera,1,5
88,28-07-2012,Sri Lanka,R Premadasa Stadium,c & b H M R K B Herath,38,65
89,31-07-2012,Sri Lanka,R Premadasa Stadium,not out,128,119
90,04-08-2012,Sri Lanka,Pallekele International Cricket Stadium,lbw b N Pradeep,23,35
91,30-12-2012,Pakistan,MA Chidambaram Stadium,b Junaid Khan,0,5
92,03-01-2013,Pakistan,Eden Gardens,c Kamran Akmal b Junaid Khan,6,9
93,06-01-2013,Pakistan,Feroz Shah Kotla,c Younis Khan b Junaid Khan,7,17
94,11-01-2013,England,Saurashtra Cricket Association Stadium,c C Kieswetter b T T Bresnan,15,22
95,15-01-2013,England,Nehru Stadium (Kochi),c I R Bell b C R Woakes,37,54
96,19-01-2013,England,JSCA International Stadium Complex,not out,77,79
97,23-01-2013,England,Punjab Cricket Association IS Bindra Stadium,c & b J C Tredwell,26,33
98,27-01-2013,England,Himachal Pradesh Cricket Association Stadium,c J C Tredwell b T T Bresnan,0,1
99,06-06-2013,South Africa,Sophia Gardens,c H M Amla b L L Tsotsobe,31,41
100,11-06-2013,West Indies,Kennington Oval,b S P Narine,22,18
101,15-06-2013,Pakistan,Edgbaston,not out,22,27
102,20-06-2013,Sri Lanka,Sophia Gardens,not out,58,64
103,23-06-2013,England,Edgbaston,c R S Bopara b J M Anderson,43,34
104,30-06-2013,West Indies,Sabina Park,c C H Gayle b D J G Sammy,11,21
105,02-07-2013,Sri Lanka,Sabina Park,c S L Malinga b A D Mathews,2,5
106,05-07-2013,West Indies,Queen's Park Oval,c D J G Sammy b D J J Bravo,102,83
107,09-07-2013,Sri Lanka,Queen's Park Oval,lbw b H M R K B Herath,31,52
108,11-07-2013,Sri Lanka,Queen's Park Oval,c K C Sangakkara b R M S Eranga,2,5
109,24-07-2013,Zimbabwe,Harare Sports Club,c V Sibanda b P Utseya,115,108
110,26-07-2013,Zimbabwe,Harare Sports Club,c M N Waller b K M Jarvis,14,18
111,28-07-2013,Zimbabwe,Harare Sports Club,not out,68,88
112,01-08-2013,Zimbabwe,Queens Sports Club,did not bat,,
113,03-08-2013,Zimbabwe,Queens Sports Club,did not bat,,
114,13-10-2013,Australia,Maharashtra Cricket Association Stadium,lbw b S R Watson,61,85
115,16-10-2013,Australia,Sawai Mansingh Stadium,not out,100,52
116,19-10-2013,Australia,Punjab Cricket Association IS Bindra Stadium,c B J Haddin b G J Maxwell,68,73
117,23-10-2013,Australia,JSCA International Stadium Complex,did not bat,,
118,30-10-2013,Australia,Vidarbha Cricket Association Stadium,not out,115,66
119,02-11-2013,Australia,M Chinnaswamy Stadium,run out,0,3
120,21-11-2013,West Indies,Nehru Stadium (Kochi),c S P Narine b J O Holder,86,84
121,24-11-2013,West Indies,Dr YS Rajasekhara Reddy Cricket Stadium,c J O Holder b R Rampaul,99,100
122,27-11-2013,West Indies,Green Park,c J Charles b R Rampaul,19,18
123,05-12-2013,South Africa,New Wanderers Stadium,c J H Kallis b R McLaren,31,35
124,08-12-2013,South Africa,Kingsmead,c Q de Kock b L L Tsotsobe,0,5
125,11-12-2013,South Africa,SuperSport Park,did not bat,,
126,19-01-2014,New Zealand,McLean Park,c J D Ryder b M J McClenaghan,123,111
127,22-01-2014,New Zealand,Seddon Park,c sub b T G Southee,78,65
128,25-01-2014,New Zealand,Eden Park,c L Ronchi b H K Bennett,6,20
129,28-01-2014,New Zealand,Seddon Park,c J D S Neesham b T G Southee,2,10
130,31-01-2014,New Zealand,Westpac Stadium,c sub b N L McCullum,82,78
131,26-02-2014,Bangladesh,Khan Shaheb Osman Ali Stadium,b Rubel Hossain,136,122
132,28-02-2014,Sri Lanka,Khan Shaheb Osman Ali Stadium,b B A W Mendis,48,51
133,01-03-2014,Pakistan,Shere Bangla National Stadium,c Umar Akmal b Umar Gul,5,11
134,05-03-2014,Afghanistan,Shere Bangla National Stadium,did not bat,,
135,27-08-2014,England,Sophia Gardens,c A N Cook b C R Woakes,0,3
136,30-08-2014,England,Trent Bridge,c J C Tredwell b B A Stokes,40,50
137,02-09-2014,England,Edgbaston,not out,1,3
138,05-09-2014,England,Headingley,c A N Cook b J M Anderson,13,21
139,08-10-2014,West Indies,Nehru Stadium (Kochi),c D J G Sammy b J E Taylor,2,5
140,11-10-2014,West Indies,Feroz Shah Kotla,c M N Samuels b R Rampaul,62,78
141,17-10-2014,West Indies,Himachal Pradesh Cricket Association Stadium,run out,127,114
142,02-11-2014,Sri Lanka,Barabati Stadium,c N L T C Perera b S Randiv,22,21
143,06-11-2014,Sri Lanka,Sardar Patel Stadium,c S Randiv b S Prasanna,49,44
144,09-11-2014,Sri Lanka,Rajiv Gandhi International Stadium,c P L S Gamage b T M Dilshan,53,61
145,13-11-2014,Sri Lanka,Eden Gardens,run out,66,64
146,16-11-2014,Sri Lanka,JSCA International Stadium Complex,not out,139,126
147,18-01-2015,Australia,Melbourne Cricket Ground,c G J Bailey b J P Faulkner,9,16
148,20-01-2015,England,Brisbane Cricket Ground,c J C Buttler b S T Finn,4,8
149,26-01-2015,Australia,Sydney Cricket Ground,not out,3,9
150,30-01-2015,England,WACA Ground,c J E Root b M M Ali,8,19
151,15-02-2015,Pakistan,Adelaide Oval,c Umar Akmal b Sohail Khan,107,126
152,22-02-2015,South Africa,Melbourne Cricket Ground,c F du Plessis b Imran Tahir,46,60
153,28-02-2015,United Arab Emirates,WACA Ground,not out,33,41
154,06-03-2015,West Indies,WACA Ground,c M N Samuels b A D Russell,33,36
155,10-03-2015,Ireland,Seddon Park,not out,44,42
156,14-03-2015,Zimbabwe,Eden Park,b Sikandar Raza,38,48
157,19-03-2015,Bangladesh,Melbourne Cricket Ground,c Mushfiqur Rahim b Rubel Hossain,3,8
158,26-03-2015,Australia,Sydney Cricket Ground,c B J Haddin b M G Johnson,1,13
159,18-06-2015,Bangladesh,Shere Bangla National Stadium,c Mushfiqur Rahim b Taskin Ahmed,1,4
160,21-06-2015,Bangladesh,Shere Bangla National Stadium,lbw b Nasir Hossain,23,27
161,24-06-2015,Bangladesh,Shere Bangla National Stadium,b Shakib Al Hasan,25,35
162,11-10-2015,South Africa,Green Park,c M Morkel b D W Steyn,11,18
163,14-10-2015,South Africa,Holkar Cricket Stadium,run out,12,18
164,18-10-2015,South Africa,Saurashtra Cricket Association Stadium,c D A Miller b M Morkel,77,99
165,22-10-2015,South Africa,MA Chidambaram Stadium,c Q de Kock b K Rabada,138,140
166,25-10-2015,South Africa,Wankhede Stadium,c Q de Kock b K Rabada,7,6
167,12-01-2016,Australia,WACA Ground,c A J Finch b J P Faulkner,91,97
168,15-01-2016,Australia,Brisbane Cricket Ground,run out,59,67
169,17-01-2016,Australia,Melbourne Cricket Ground,c G J Bailey b J W Hastings,117,117
170,20-01-2016,Australia,Manuka Oval,c S P D Smith b K W Richardson,106,92
171,23-01-2016,Australia,Sydney Cricket Ground,c M S Wade b J W Hastings,8,11
172,16-10-2016,New Zealand,Himachal Pradesh Cricket Association Stadium,not out,85,81
173,20-10-2016,New Zealand,Feroz Shah Kotla,c L Ronchi b M J Santner,9,13
174,23-10-2016,New Zealand,Punjab Cricket Association IS Bindra Stadium,not out,154,134
175,26-10-2016,New Zealand,JSCA International Stadium Complex,c B J Watling b I S Sodhi,45,51
176,29-10-2016,New Zealand,Dr YS Rajasekhara Reddy Cricket Stadium,c M J Guptill b M J Santner,65,76
177,15-01-2017,England,Maharashtra Cricket Association Stadium,c D J Willey b B A Stokes,122,105
178,19-01-2017,England,Barabati Stadium,c B A Stokes b C R Woakes,8,5
179,22-01-2017,England,Eden Gardens,c J C Buttler b B A Stokes,55,63
180,04-06-2017,Pakistan,Edgbaston,not out,81,68
181,08-06-2017,Sri Lanka,Kennington Oval,c N Dickwella b N Pradeep,0,5
182,11-06-2017,South Africa,Kennington Oval,not out,76,101
183,15-06-2017,Bangladesh,Edgbaston,not out,96,78
184,18-06-2017,Pakistan,Kennington Oval,c Shadab Khan b Mohammad Amir,5,9
185,23-06-2017,West Indies,Queen's Park Oval,not out,32,47
186,25-06-2017,West Indies,Queen's Park Oval,c A R Nurse b A S Joseph,87,66
187,30-06-2017,West Indies,Sir Vivian Richards Stadium,c K A Hope b J O Holder,11,22
188,02-07-2017,West Indies,Sir Vivian Richards Stadium,c S D Hope b J O Holder,3,12
189,06-07-2017,West Indies,Sabina Park,not out,111,115
190,20-08-2017,Sri Lanka,Rangiri Dambulla International Stadium,not out,82,70
191,24-08-2017,Sri Lanka,Pallekele International Cricket Stadium,b A Dananjaya,4,2
192,27-08-2017,Sri Lanka,Pallekele International Cricket Stadium,c P V D Chameera b M V T Fernando,3,11
193,31-08-2017,Sri Lanka,R Premadasa Stadium,c E M D Y Munaweera b S L Malinga,131,96
194,03-09-2017,Sri Lanka,R Premadasa Stadium,not out,110,116
195,17-09-2017,Australia,MA Chidambaram Stadium,c G J Maxwell b N M Coulter-Nile,0,4
196,21-09-2017,Australia,Eden Gardens,b N M Coulter-Nile,92,107
197,24-09-2017,Australia,Holkar Cricket Stadium,c A J Finch b A C Agar,28,35
198,28-09-2017,Australia,M Chinnaswamy Stadium,b N M Coulter-Nile,21,21
199,01-10-2017,Australia,Vidarbha Cricket Association Stadium,c M P Stoinis b A Zampa,39,55
200,22-10-2017,New Zealand,Wankhede Stadium,c T A Boult b T G Southee,121,125
201,25-10-2017,New Zealand,Maharashtra Cricket Association Stadium,c T W M Latham b C de Grandhomme,29,29
202,29-10-2017,New Zealand,Green Park,c K S Williamson b T G Southee,113,106
203,01-02-2018,South Africa,Kingsmead,c K Rabada b A L Phehlukwayo,112,119
204,04-02-2018,South Africa,SuperSport Park,not out,46,50
205,07-02-2018,South Africa,Newlands,not out,160,159
206,10-02-2018,South Africa,New Wanderers Stadium,c D A Miller b C H Morris,75,83
207,13-02-2018,South Africa,St George's Park,run out,36,54
208,16-02-2018,South Africa,SuperSport Park,not out,129,96
